Page Attribute,product,weight,price per,price,ean,brand,product type,category,Description,nutration table,condition,Fabrikant Distributeur,mention tva,Retourneren Mogelijk,logo,Image 1,Image 2,Image 3,Image 4,Image 5,Image 6
https://fivestartrading-holland.eu/beverages/asian-drinks/hata-kosen-ramune-pineapple/?lang=en,"Hata Kosen Ramune Pineapple (30 x 0,2 Liter bottles JP) 001385",Shipping Weight: 24kg,"Price per Liter € 6,67","€ 39,99",,Ramune,,"Home,Beverages,Asian drinks","For those who are not yet familiar with Hata Kosen Ramune Pineapple: it is a refreshing, sparkling Japanese soft drink with pineapple flavor. Ramune is Japanese for lemonade. This product comes in a very unusual glass bottle. It is widely purchased worldwide for the bottle alone. The bottle is sealed with a glass marble. To open the bottle you have to push this marble into the bottle, which will cause it to rattle in the bottle while you drink. Ramune is available in various refreshing flavors. Hata Kosen Ramune Pineapple Japan Import, 30 bottles (30 x 0,2L). Ingredients: carbonated water, sugar, high fructose corn syrup, acidulant [citric acid (E330)], flavoring (pineapple), coloring [tartrazine (E102)].","<tbody><tr><td><div><span><span>Average nutritional values per:</span></span></div></td><td><div><span><span>100 ml</span></span></div></td></tr><tr><td><div></div></td><td><div></div></td></tr><tr><td><div><span><span>Energy</span></span></div></td><td><div>134 kJ/32 kcal​<span><span> </span></span></div></td></tr><tr><td><div><span><span>Fat</span></span></div></td><td><div><span><span>0 g</span></span></div></td></tr><tr><td><div><span><span>Saturated fat</span></span></div></td><td><div><span><span>0 g </span></span></div></td></tr><tr><td><div><span><span>Carbohydrates</span></span></div></td><td><div><span><span>8 g</span></span></div></td></tr><tr><td><div><span><span>Of which sugars</span></span></div></td><td><div><span><span>7,9 g </span></span></div></td></tr><tr><td><div><span><span>Protein</span></span></div></td><td><div><span><span>0 g</span></span></div></td></tr><tr><td><div><span><span>Salt</span></span></div></td><td><div><span><span>0 g</span></span></div></td></tr><tr><td><div><span><span>Caffeine</span></span></div></td><td><div><span><span>0 mg</span></span></div></td></tr><tr><td><div><span><span>Potassium</span></span></div></td><td><div><span><span>0 mg</span></span></div></td></tr></tbody>","Pay in 30 days

 Fast delivery

 Extensive range

 Not good, money back","Nizona Corporation Hamabe Dori 4-1-23, Kobe 651-0083 Japan","excl. VAT and shipping costs, delivered in 5-10 days",Return possible: 30 Days,https://fivestartrading-holland.eu/wp-content/uploads/2022/03/imageedit_8_4378866294.png,https://fivestartrading-holland.eu/wp-content/uploads/2022/07/RAMUNE-DRINK-PINEAPPLE_1-2.png,,,,,
https://fivestartrading-holland.eu/food/crying-thaiger-sriracha-ketchup-chilli-sauce-4-x-440-ml-kopie/?lang=en,Crying Thaiger Sriracha Hot Chilli Sauce (4 x 440 ml),Shipping Weight: 2.4kg,"Price per Liter € 6,47","€ 11,39",8850344004699,Crying Thaiger,Out of stock,"Home,Food","Crying Thaiger Sriracha Hot Chilli Sauce is hot sriracha sauce with notes of hot pepper, chili and garlic. Crying Thaiger sauces are ideal for Asian recipes, grilled meats, hamburgers, hot dogs, burgers, dressings, fries or as a dip for chips and crackers. Crying Thaiger Sriracha Hot Chilli Sauce, 4 Bottles (4 x 440ml),Crying Thaiger will become your new favorite sriracha sauce. The recipe was created by a team of experts who worked day and night to discover the best blend of ingredients for the perfect sriracha. The result: a nicely balanced taste accompanied by a nice spicy kick. It is 100% Thai and 100% sulfate free. And let’s be honest: the cool design of this bottle will look great on your dining table. Ingredients: 40% red chili, water, sugar, garlic, fructose syrup, salt, modified corn starch, acidity regulators (E260), stabilizer (E415), coloring agent (E160c).","<tbody><tr><td><div>Average nutritional values per:</div></td><td><span>100 ml</span></td></tr><tr><td><div></div></td><td><div></div></td></tr><tr><td><div>Energy</div></td><td><div>371 Kj/88 kcal</div></td></tr><tr><td><div>Fat</div></td><td><div>0 g</div></td></tr><tr><td><div>Saturated fat</div></td><td><div>0 g</div></td></tr><tr><td><div>Carbohydrates</div></td><td><div>21 g</div></td></tr><tr><td><div>Of which sugars</div></td><td><div>18 g</div></td></tr><tr><td><div>Protein</div></td><td><div>0 g</div></td></tr><tr><td><div>salt</div></td><td><div>4,5 g</div></td></tr></tbody>","Pay in 30 days

 Fast delivery

 Extensive range

 Not good, money back","Suree Interfoods Co. LTD. 11/13 M 3, T.Banbor Samut Sakhon 74000 Thailand",,,https://fivestartrading-holland.eu/wp-content/uploads/2023/01/logo-crying-thaiger.png,https://fivestartrading-holland.eu/wp-content/uploads/2023/01/crying-thaiger-sriracha-hot-chilli-sauce.png,,,,,
https://fivestartrading-holland.eu/snack-foods/pringles-hot-spicy-12-x-40-gr/?lang=en,Pringles Hot & Spicy (12 x 40 gr.),Shipping Weight: 2kg,"Price per Kilo € 14,48","€ 6,95",5053990107292,Pringles,,"Home,Snack foods","Are you also ready for a spicy evening? Then try Pringles Hot & Spicy in a handy resealable can, bursting with flavour. Chips are fragile. Unfortunately, if some chips break during shipping, we can’t do anything about it. It goes without saying that we pack your snacks as carefully as possible. Pringles Hot & Spicy (12 x 40 gr.),​Ingredients: Dehydrated potatoes, vegetable oils (sunflower, corn), rice flour, wheat starch, corn flour, spicy condiment (spices, sugar, flavor enhancers, tomato powder, granulated broth, flavors, smoke flavorings, yeast extract , dextrose, glucose syrup, nutritional acid, milk proteins, onion powder, jalapeñope pepper extract, paprika, chili powder, garlic powder, color (paprika extract}), emulsifier (E471), maltodextrin, salt, color (annatto).","<tbody><tr><td><div>Average nutritional values per:</div></td><td><div>100 g</div></td></tr><tr><td><div></div></td><td><div></div></td></tr><tr><td><div>Energy</div></td><td><div>2145 Kj/514kcal</div></td></tr><tr><td><div>Fat</div></td><td><div>29 g</div></td></tr><tr><td><div>Saturated fat</div></td><td><div>2,8 g</div></td></tr><tr><td><div>Carbohydrates</div></td><td><div>55 g</div></td></tr><tr><td><div>Of which sugars</div></td><td><div>2,8 g</div></td></tr><tr><td><div>Protein</div></td><td><div>6,3 g</div></td></tr><tr><td><div>Salt</div></td><td><div>1,2 g</div></td></tr></tbody>","Pay in 30 days

 Fast delivery

 Extensive range

 Not good, money back",WMB Pringles BVBA Eggestraat 1 Mechelen 2800 België,"excl. VAT and shipping costs, delivered in 5-10 days",Return possible: 30 Days,https://fivestartrading-holland.eu/wp-content/uploads/2021/12/pringles-1.png,https://fivestartrading-holland.eu/wp-content/uploads/2022/08/pringles-hot-spicy-40.jpg,https://fivestartrading-holland.eu/wp-content/uploads/2022/07/Pringles-Hot-Spicy-12-x-40-gr..png,,,,